{"cameraMode":{"drawMode":0,"name":"Shaded","section":"Shading Mode"},"sceneLighting":true,"audioPlay":false,"sceneViewState":{"showFog":true,"showMaterialUpdate":false,"showSkybox":true,"showFlares":true,"showImageEffects":true,"showParticleSystems":true},"in2DMode":false,"pivot":{"x":0.4671640396118164,"y":2.344524383544922,"z":0.5825085639953613},"rotation":{"x":0.3343305289745331,"y":-0.520125150680542,"z":0.23153211176395417,"w":0.7510594725608826},"size":14.482349395751954,"orthographic":false}